"first_id","first_name","second_id","second_name","total","group"
4,"霧或煙",4,"霧或煙",0,"起始點"
4,"霧或煙",17,"市區道路",6,"第1層"
4,"霧或煙",226,"其他(行人、慢車駕駛人、汽車後座乘客)",6,"第1層"
4,"霧或煙",139,"無缺陷",6,"第1層"
4,"霧或煙",299,"車的狀態-向前直行中",6,"第1層"
4,"霧或煙",311,"經檢測無酒精反應",6,"第1層"
17,"市區道路",126,"柏油",21621,"第2層"
17,"市區道路",135,"乾燥",20198,"第2層"
139,"無缺陷",156,"視距良好",21525,"第2層"
139,"無缺陷",179,"無繪設車道線",14205,"第2層"
139,"無缺陷",149,"無障礙物",21588,"第2層"
139,"無缺陷",223,"戴安全帽或繫安全帶(使用幼童安全椅)",18482,"第2層"
139,"無缺陷",184,"無繪設快慢車道分隔線",21812,"第2層"
139,"無缺陷",164,"無號誌",12718,"第2層"
226,"其他(行人、慢車駕駛人、汽車後座乘客)",253,"機車-普通重型",11768,"第2層"
226,"其他(行人、慢車駕駛人、汽車後座乘客)",300,"有適當之駕照",19582,"第2層"
