"node_from_id","node_from_name","node_from_attr_name","node_from_eng_name","node_to_id","node_to_name","node_to_attr_name","node_to_eng_name","node_weight","node_layer"
6,"雨","天候","weather",6,"雨","天候","weather",0,"起始點"
6,"日間自然光線","光線","light",9,"日間自然光線","光線","light",757,"第1層"
6,"晨或暮光","光線","light",10,"晨或暮光","光線","light",60,"第1層"
6,"夜間(或隧道、地下道、涵洞)有照明","光線","light",11,"夜間(或隧道、地下道、涵洞)有照明","光線","light",334,"第1層"
6,"夜間(或隧道、地下道、涵洞)無照明","光線","light",12,"夜間(或隧道、地下道、涵洞)無照明","光線","light",14,"第1層"
6,"路段-慢車道","事故位置","road_position",13,"國道","道路類別","road_category",1,"第2層"
6,"路段-一般車道(未劃分快慢車道)","事故位置","road_position",14,"省道","道路類別","road_category",3,"第2層"
6,"縣道","道路類別","road_category",15,"縣道","道路類別","road_category",3,"第1層"
6,"水泥","路面鋪裝","road_material",16,"鄉道","道路類別","road_category",1,"第2層"
6,"市區道路","道路類別","road_category",17,"市區道路","道路類別","road_category",1155,"第1層"
6,"村里道路","道路類別","road_category",18,"村里道路","道路類別","road_category",2,"第1層"
6,"專用道路","道路類別","road_category",19,"專用道路","道路類別","road_category",5,"第1層"
6,"單路部分-高架道路","道路型態","road_type",83,"單路部分-高架道路","道路型態","road_type",2,"第1層"
6,"單路部分-彎曲路及附近","道路型態","road_type",84,"單路部分-彎曲路及附近","道路型態","road_type",21,"第1層"
6,"單路部分-坡路","道路型態","road_type",85,"單路部分-坡路","道路型態","road_type",2,"第1層"
6,"單路部分-巷弄","道路型態","road_type",86,"單路部分-巷弄","道路型態","road_type",3,"第1層"
6,"單路部分-直路","道路型態","road_type",87,"單路部分-直路","道路型態","road_type",421,"第1層"
6,"突出(高低)不平","路面缺陷","road_defect",89,"圓環廣場-圓環","道路型態","road_type",4,"第2層"
6,"有坑洞","路面缺陷","road_defect",90,"圓環廣場-廣場","道路型態","road_type",1,"第2層"
6,"交岔路-三岔路","道路型態","road_type",92,"交岔路-三岔路","道路型態","road_type",250,"第1層"
6,"交岔路-四岔路","道路型態","road_type",93,"交岔路-四岔路","道路型態","road_type",412,"第1層"
6,"交岔路-多岔路","道路型態","road_type",94,"交岔路-多岔路","道路型態","road_type",53,"第1層"
6,"路上有停車","障礙物","road_obstacle",95,"單路部分-隧道","道路型態","road_type",1,"第2層"
6,"無障礙物","障礙物","road_obstacle",96,"單路部分-地下道","道路型態","road_type",4,"第2層"
6,"單路部分-橋樑","道路型態","road_type",97,"單路部分-橋樑","道路型態","road_type",1,"第1層"
6,"坡道","視距","road_sight",98,"單路部分-涵洞","道路型態","road_type",8,"第2層"
6,"交岔路口-交岔路口內","事故位置","road_position",99,"交岔路口-交岔路口內","事故位置","road_position",538,"第1層"
6,"樹木、農作物","視距","road_sight",100,"路段-公車專用道","事故位置","road_position",1,"第2層"
6,"路段-機車專用道","事故位置","road_position",101,"路段-機車專用道","事故位置","road_position",6,"第1層"
6,"路段-機車優先道","事故位置","road_position",102,"路段-機車優先道","事故位置","road_position",7,"第1層"
6,"路段-路肩、路緣","事故位置","road_position",103,"路段-路肩、路緣","事故位置","road_position",7,"第1層"
6,"交流道-加速車道","事故位置","road_position",104,"交流道-加速車道","事故位置","road_position",1,"第1層"
6,"閃光號誌","號誌種類","sign_type",105,"交流道-減速車道","事故位置","road_position",1,"第2層"
6,"號誌動作正常","號誌動作","sign_action",106,"交流道-直線匝道","事故位置","road_position",4,"第2層"
6,"號誌動作不正常","號誌動作","sign_action",107,"交流道-環道匝道","事故位置","road_position",1,"第2層"
6,"其他-行人穿越道","事故位置","road_position",108,"其他-行人穿越道","事故位置","road_position",13,"第1層"
6,"其他-穿越道附近","事故位置","road_position",109,"其他-穿越道附近","事故位置","road_position",1,"第1層"
6,"交岔路口-交岔路口附近","事故位置","road_position",110,"交岔路口-交岔路口附近","事故位置","road_position",127,"第1層"
6,"其他-人行道","事故位置","road_position",111,"其他-人行道","事故位置","road_position",1,"第1層"
6,"其他-收費站附近","事故位置","road_position",112,"其他-收費站附近","事故位置","road_position",4,"第1層"
6,"中央分向島-窄式無柵欄","車道劃分設施-分向設施","facility_direction",114,"交岔路口-機車待轉區","事故位置","road_position",1,"第2層"
6,"交岔路口-機車停等區","事故位置","road_position",115,"交岔路口-機車停等區","事故位置","road_position",5,"第1層"
6,"路段-交通島(含槽化線)","事故位置","road_position",116,"路段-交通島(含槽化線)","事故位置","road_position",2,"第1層"
6,"單向禁止超車線-附標記","車道劃分設施-分向設施","facility_direction",117,"路段-迴轉道","事故位置","road_position",2,"第2層"
6,"路段-快車道","事故位置","road_position",118,"路段-快車道","事故位置","road_position",94,"第1層"
6,"行車分向線-附標記","車道劃分設施-分向設施","facility_direction",119,"路段-慢車道","事故位置","road_position",102,"第1層"
6,"行車分向線-無標記","車道劃分設施-分向設施","facility_direction",120,"路段-一般車道(未劃分快慢車道)","事故位置","road_position",257,"第1層"
6,"柏油","路面鋪裝","road_material",126,"柏油","路面鋪裝","road_material",1158,"第1層"
6,"禁止變換車道線(無標記)","快車道或一般車道間分道設施","facility_fast_normal",127,"水泥","路面鋪裝","road_material",3,"第1層"
6,"碎石","路面鋪裝","road_material",128,"碎石","路面鋪裝","road_material",2,"第1層"
6,"無鋪裝","路面鋪裝","road_material",130,"無鋪裝","路面鋪裝","road_material",2,"第1層"
6,"無繪設車道線","快車道或一般車道間分道設施","facility_fast_normal",131,"冰雪","路面狀態","road_condition",3,"第2層"
6,"寬式快慢車道分隔島(50公分以上)","快慢車道間分道設施","facility_fast_slow",132,"油滑","路面狀態","road_condition",1,"第2層"
6,"泥濘","路面狀態","road_condition",133,"泥濘","路面狀態","road_condition",9,"第1層"
6,"濕潤","路面狀態","road_condition",134,"濕潤","路面狀態","road_condition",1149,"第1層"
6,"乾燥","路面狀態","road_condition",135,"乾燥","路面狀態","road_condition",7,"第1層"
6,"路面鬆軟","路面缺陷","road_defect",136,"路面鬆軟","路面缺陷","road_defect",2,"第1層"
6,"人與汽(機)車-對向通行中","事故類型及型態","accident_type",137,"突出(高低)不平","路面缺陷","road_defect",1,"第1層"
6,"車與車-對撞","事故類型及型態","accident_type",138,"有坑洞","路面缺陷","road_defect",9,"第1層"
6,"無缺陷","路面缺陷","road_defect",139,"無缺陷","路面缺陷","road_defect",1153,"第1層"
6,"車與車-同向擦撞","事故類型及型態","accident_type",145,"道路工事(程)中","障礙物","road_obstacle",65,"第2層"
6,"有堆積物","障礙物","road_obstacle",146,"有堆積物","障礙物","road_obstacle",1,"第1層"
6,"車與車-倒車撞","事故類型及型態","accident_type",147,"路上有停車","障礙物","road_obstacle",16,"第1層"
6,"車與車-路口交岔撞","事故類型及型態","accident_type",149,"無障礙物","障礙物","road_obstacle",1148,"第1層"
6,"彎道","視距","road_sight",150,"彎道","視距","road_sight",2,"第1層"
6,"汽(機)車本身-路上翻車、摔倒","事故類型及型態","accident_type",151,"坡道","視距","road_sight",1,"第1層"
6,"建築物","視距","road_sight",152,"建築物","視距","road_sight",2,"第1層"
6,"人與汽(機)車-同向通行中","事故類型及型態","accident_type",153,"樹木、農作物","視距","road_sight",2,"第1層"
6,"路上停放車輛","視距","road_sight",154,"路上停放車輛","視距","road_sight",21,"第1層"
6,"視距良好","視距","road_sight",156,"視距良好","視距","road_sight",1137,"第1層"
6,"行車管制號誌","號誌種類","sign_type",157,"行車管制號誌","號誌種類","sign_type",308,"第1層"
6,"行車管制號誌(含行人專用號誌)","號誌種類","sign_type",158,"行車管制號誌(含行人專用號誌)","號誌種類","sign_type",99,"第1層"
6,"汽(機)車本身-撞橋樑、建築物","事故類型及型態","accident_type",159,"閃光號誌","號誌種類","sign_type",49,"第1層"
6,"汽(機)車本身-撞路樹、電桿","事故類型及型態","accident_type",161,"號誌動作正常","號誌動作","sign_action",452,"第1層"
6,"汽(機)車本身-撞動物","事故類型及型態","accident_type",162,"號誌動作不正常","號誌動作","sign_action",2,"第1層"
6,"無動作","號誌動作","sign_action",163,"無動作","號誌動作","sign_action",2,"第1層"
6,"無號誌","號誌動作","sign_action",164,"無號誌","號誌動作","sign_action",709,"第1層"
6,"中央分向島-寬式(50公分以上)","車道劃分設施-分向設施","facility_direction",165,"中央分向島-寬式(50公分以上)","車道劃分設施-分向設施","facility_direction",204,"第1層"
6,"無分向設施","車道劃分設施-分向設施","facility_direction",166,"無分向設施","車道劃分設施-分向設施","facility_direction",509,"第1層"
6,"中央分向島-窄式附柵欄","車道劃分設施-分向設施","facility_direction",167,"中央分向島-窄式附柵欄","車道劃分設施-分向設施","facility_direction",7,"第1層"
6,"車的狀態-插入行列","當事者行動狀態","transportation_action",168,"中央分向島-窄式無柵欄","車道劃分設施-分向設施","facility_direction",28,"第1層"
6,"雙向禁止超車線-附標記","車道劃分設施-分向設施","facility_direction",169,"雙向禁止超車線-附標記","車道劃分設施-分向設施","facility_direction",23,"第1層"
6,"雙向禁止超車線-無標記","車道劃分設施-分向設施","facility_direction",170,"雙向禁止超車線-無標記","車道劃分設施-分向設施","facility_direction",306,"第1層"
6,"未戴安全帽或未繫安全帶(未使用幼童安全椅)","保護裝備","protection",171,"單向禁止超車線-附標記","車道劃分設施-分向設施","facility_direction",1,"第1層"
6,"單向禁止超車線-無標記","車道劃分設施-分向設施","facility_direction",172,"單向禁止超車線-無標記","車道劃分設施-分向設施","facility_direction",1,"第1層"
6,"人的狀態-步行","當事者行動狀態","transportation_action",173,"行車分向線-附標記","車道劃分設施-分向設施","facility_direction",10,"第1層"
6,"大客車-民營公車","當事者區分","transportation_type",174,"行車分向線-無標記","車道劃分設施-分向設施","facility_direction",76,"第1層"
6,"禁止變換車道線(附標記)","快車道或一般車道間分道設施","facility_fast_normal",175,"禁止變換車道線(附標記)","快車道或一般車道間分道設施","facility_fast_normal",7,"第1層"
6,"駕駛人-未注意車前狀態","肇事因素","factor",176,"禁止變換車道線(無標記)","快車道或一般車道間分道設施","facility_fast_normal",40,"第1層"
6,"車道線(附標記)","快車道或一般車道間分道設施","facility_fast_normal",177,"車道線(附標記)","快車道或一般車道間分道設施","facility_fast_normal",39,"第1層"
6,"車道線(無標記)","快車道或一般車道間分道設施","facility_fast_normal",178,"車道線(無標記)","快車道或一般車道間分道設施","facility_fast_normal",353,"第1層"
6,"車的狀態-超車(含超越)","當事者行動狀態","transportation_action",179,"無繪設車道線","快車道或一般車道間分道設施","facility_fast_normal",726,"第1層"
6,"半聯結車-營業用","當事者區分","transportation_type",180,"寬式快慢車道分隔島(50公分以上)","快慢車道間分道設施","facility_fast_slow",25,"第1層"
6,"窄式快慢車道分隔島(附柵欄)","快慢車道間分道設施","facility_fast_slow",181,"窄式快慢車道分隔島(附柵欄)","快慢車道間分道設施","facility_fast_slow",2,"第1層"
6,"窄式快慢車道分隔島(無柵欄)","快慢車道間分道設施","facility_fast_slow",182,"窄式快慢車道分隔島(無柵欄)","快慢車道間分道設施","facility_fast_slow",8,"第1層"
6,"快慢車道分隔線","快慢車道間分道設施","facility_fast_slow",183,"快慢車道分隔線","快慢車道間分道設施","facility_fast_slow",274,"第1層"
6,"無繪設快慢車道分隔線","快慢車道間分道設施","facility_fast_slow",184,"無繪設快慢車道分隔線","快慢車道間分道設施","facility_fast_slow",1165,"第1層"
6,"小客車-租賃車","當事者區分","transportation_type",189,"人與汽(機)車-對向通行中","事故類型及型態","accident_type",2,"第1層"
6,"小客車-自用","當事者區分","transportation_type",190,"車與車-對撞","事故類型及型態","accident_type",7,"第1層"
6,"車與車-對向擦撞","事故類型及型態","accident_type",191,"車與車-對向擦撞","事故類型及型態","accident_type",24,"第1層"
6,"小貨車(含客、貨兩用)-自用","當事者區分","transportation_type",192,"車與車-同向擦撞","事故類型及型態","accident_type",69,"第1層"
6,"車與車-追撞","事故類型及型態","accident_type",193,"車與車-追撞","事故類型及型態","accident_type",94,"第1層"
6,"機車-大型重型2(250-550C.C.)","當事者區分","transportation_type",194,"車與車-倒車撞","事故類型及型態","accident_type",10,"第1層"
6,"機車-普通重型","當事者區分","transportation_type",195,"車與車-路口交岔撞","事故類型及型態","accident_type",87,"第1層"
6,"車與車-側撞","事故類型及型態","accident_type",196,"車與車-側撞","事故類型及型態","accident_type",561,"第1層"
6,"非駕駛人，未檢測","飲酒情形","alcohol_breath_test",198,"汽(機)車本身-路上翻車、摔倒","事故類型及型態","accident_type",192,"第1層"
6,"汽(機)車本身-衝出路外","事故類型及型態","accident_type",199,"汽(機)車本身-衝出路外","事故類型及型態","accident_type",2,"第1層"
6,"經呼氣檢測未超過0.15mg/L或血液檢測未超過0.3%","飲酒情形","alcohol_breath_test",200,"人與汽(機)車-同向通行中","事故類型及型態","accident_type",14,"第1層"
6,"汽(機)車本身-撞路欄(樁)","事故類型及型態","accident_type",201,"汽(機)車本身-撞路欄(樁)","事故類型及型態","accident_type",10,"第1層"
6,"汽(機)車本身-撞號誌、標誌桿","事故類型及型態","accident_type",202,"汽(機)車本身-撞號誌、標誌桿","事故類型及型態","accident_type",3,"第1層"
6,"汽(機)車本身-撞交通島","事故類型及型態","accident_type",204,"汽(機)車本身-撞交通島","事故類型及型態","accident_type",5,"第1層"
6,"慢車-電動自行車","當事者區分","transportation_type",205,"汽(機)車本身-撞非固定設施","事故類型及型態","accident_type",6,"第2層"
6,"經呼氣檢測超過0.80mg/L或血液檢測超過0.16%","飲酒情形","alcohol_breath_test",206,"汽(機)車本身-撞橋樑、建築物","事故類型及型態","accident_type",1,"第1層"
6,"無法檢測","飲酒情形","alcohol_breath_test",207,"汽(機)車本身-撞路樹、電桿","事故類型及型態","accident_type",6,"第1層"
6,"駕駛人-違規超車","肇事因素","factor",208,"汽(機)車本身-撞動物","事故類型及型態","accident_type",3,"第1層"
6,"汽(機)車本身-撞工程施工","事故類型及型態","accident_type",209,"汽(機)車本身-撞工程施工","事故類型及型態","accident_type",23,"第1層"
6,"人與汽(機)車-穿越道路中","事故類型及型態","accident_type",211,"人與汽(機)車-穿越道路中","事故類型及型態","accident_type",46,"第1層"
6,"人-行人","當事者區分","transportation_type",217,"人與汽(機)車-在路上嬉戲","事故類型及型態","accident_type",1,"第2層"
6,"人-乘客","當事者區分","transportation_type",218,"人與汽(機)車-在路上作業中","事故類型及型態","accident_type",6,"第2層"
6,"車的狀態-起步","當事者行動狀態","transportation_action",219,"人與汽(機)車-衝進路中","事故類型及型態","accident_type",10,"第2層"
6,"駕駛人-搶越行人穿越道","肇事因素","factor",220,"人與汽(機)車-從停車後(或中)穿出","事故類型及型態","accident_type",4,"第2層"
6,"人與汽(機)車-佇立路邊(外)","事故類型及型態","accident_type",221,"人與汽(機)車-佇立路邊(外)","事故類型及型態","accident_type",9,"第1層"
6,"戴安全帽或繫安全帶(使用幼童安全椅)","保護裝備","protection",223,"戴安全帽或繫安全帶(使用幼童安全椅)","保護裝備","protection",980,"第1層"
6,"車的狀態-靜止(引擎熄火)","當事者行動狀態","transportation_action",224,"未戴安全帽或未繫安全帶(未使用幼童安全椅)","保護裝備","protection",178,"第1層"
6,"其他(行人、慢車駕駛人、汽車後座乘客)","保護裝備","protection",226,"其他(行人、慢車駕駛人、汽車後座乘客)","保護裝備","protection",1160,"第1層"
6,"駕駛人-爭(搶)道行駛","肇事因素","factor",232,"大客車-公營公車","當事者區分","transportation_type",3,"第2層"
6,"駕駛人-酒醉(後)駕駛失控","肇事因素","factor",233,"大客車-民營公車","當事者區分","transportation_type",3,"第1層"
6,"大客車-民營客運","當事者區分","transportation_type",235,"大客車-民營客運","當事者區分","transportation_type",2,"第1層"
6,"機車-大型重型1(550C.C.以上)","當事者區分","transportation_type",236,"大客車-遊覽車","當事者區分","transportation_type",7,"第2層"
6,"大貨車-營業用","當事者區分","transportation_type",238,"大貨車-營業用","當事者區分","transportation_type",2,"第1層"
6,"大貨車-自用","當事者區分","transportation_type",239,"大貨車-自用","當事者區分","transportation_type",7,"第1層"
6,"燈光-未依規定使用燈光","肇事因素","factor",240,"全聯結車-營業用","當事者區分","transportation_type",1,"第2層"
6,"車的狀態-左轉彎","當事者行動狀態","transportation_action",242,"半聯結車-營業用","當事者區分","transportation_type",1,"第1層"
6,"半聯結車-自用","當事者區分","transportation_type",243,"半聯結車-自用","當事者區分","transportation_type",1,"第1層"
6,"曳引車-營業用","當事者區分","transportation_type",244,"曳引車-營業用","當事者區分","transportation_type",1,"第1層"
6,"車的狀態-向右變換車道","當事者行動狀態","transportation_action",245,"曳引車-自用","當事者區分","transportation_type",3,"第2層"
6,"小客車-計程車","當事者區分","transportation_type",246,"小客車-計程車","當事者區分","transportation_type",15,"第1層"
6,"有適當之駕照","駕駛資格情形","license_qualification",247,"小客車-租賃車","當事者區分","transportation_type",12,"第1層"
6,"無照(未達考照年齡)","駕駛資格情形","license_qualification",248,"小客車-自用","當事者區分","transportation_type",364,"第1層"
6,"小貨車(含客、貨兩用)-營業用","當事者區分","transportation_type",249,"小貨車(含客、貨兩用)-營業用","當事者區分","transportation_type",4,"第1層"
6,"越級駕駛","駕駛資格情形","license_qualification",250,"小貨車(含客、貨兩用)-自用","當事者區分","transportation_type",73,"第1層"
6,"駕駛人-未依規定讓車","肇事因素","factor",251,"機車-大型重型1(550C.C.以上)","當事者區分","transportation_type",1,"第1層"
6,"駕照被吊(註)銷","駕駛資格情形","license_qualification",252,"機車-大型重型2(250-550C.C.)","當事者區分","transportation_type",1,"第1層"
6,"非汽(機)車駕駛人","駕駛資格情形","license_qualification",253,"機車-普通重型","當事者區分","transportation_type",651,"第1層"
6,"機車-普通輕型","當事者區分","transportation_type",254,"機車-普通輕型","當事者區分","transportation_type",9,"第1層"
6,"駕駛人-超速失控","肇事因素","factor",259,"特種車-救護車","當事者區分","transportation_type",1,"第2層"
6,"經檢測無酒精反應","飲酒情形","alcohol_breath_test",260,"特種車-消防車","當事者區分","transportation_type",1,"第2層"
6,"駕駛人-未靠右行駛","肇事因素","factor",261,"特種車-警備車","當事者區分","transportation_type",2,"第2層"
6,"經呼氣檢測0.16~0.25mg/L或血液檢測0.31~0.5%","飲酒情形","alcohol_breath_test",262,"特種車-工程車","當事者區分","transportation_type",1,"第2層"
6,"慢車-腳踏自行車","當事者區分","transportation_type",264,"慢車-腳踏自行車","當事者區分","transportation_type",1,"第1層"
6,"經呼氣檢測0.41~0.55mg/L或血液檢測0.81~0.11%","飲酒情形","alcohol_breath_test",265,"慢車-電動輔助自行車","當事者區分","transportation_type",44,"第2層"
6,"經呼氣檢測0.56~0.80mg/L或血液檢測0.111~0.16%","飲酒情形","alcohol_breath_test",266,"慢車-電動自行車","當事者區分","transportation_type",15,"第1層"
6,"駕駛人-起步未注意其他車(人)安全","肇事因素","factor",267,"慢車-人力車","當事者區分","transportation_type",1,"第2層"
6,"行人(或乘客)-在路上工作未設適當標識","肇事因素","factor",268,"慢車-獸力車","當事者區分","transportation_type",1,"第2層"
6,"人的狀態-奔跑","當事者行動狀態","transportation_action",271,"其他車-農耕用車(或機械)","當事者區分","transportation_type",2,"第2層"
6,"其他車-動力機械","當事者區分","transportation_type",272,"其他車-動力機械","當事者區分","transportation_type",1,"第1層"
6,"駕駛人-橫越道路不慎","肇事因素","factor",274,"其他車-火車","當事者區分","transportation_type",1,"第2層"
6,"駕駛人-倒車未依規定","肇事因素","factor",276,"人-行人","當事者區分","transportation_type",6,"第1層"
6,"經觀察未飲酒","飲酒情形","alcohol_breath_test",277,"人-乘客","當事者區分","transportation_type",1,"第1層"
6,"駕駛人-未依規定減速","肇事因素","factor",279,"車的狀態-起步","當事者行動狀態","transportation_action",49,"第1層"
6,"駕駛人-右轉彎未依規定","肇事因素","factor",280,"車的狀態-插入行列","當事者行動狀態","transportation_action",3,"第1層"
6,"車的狀態-迴轉或橫越道路中","當事者行動狀態","transportation_action",281,"車的狀態-迴轉或橫越道路中","當事者行動狀態","transportation_action",38,"第1層"
6,"車的狀態-急減速或急停止","當事者行動狀態","transportation_action",282,"車的狀態-急減速或急停止","當事者行動狀態","transportation_action",7,"第1層"
6,"駕駛人-停車操作時，未注意其他車(人)安全","肇事因素","factor",283,"車的狀態-靜止(引擎熄火)","當事者行動狀態","transportation_action",6,"第1層"
6,"車的狀態-停等(引擎未熄火)","當事者行動狀態","transportation_action",284,"車的狀態-停等(引擎未熄火)","當事者行動狀態","transportation_action",29,"第1層"
6,"車的狀態-倒車","當事者行動狀態","transportation_action",286,"人的狀態-步行","當事者行動狀態","transportation_action",5,"第1層"
6,"無照(已達考照年齡)","駕駛資格情形","license_qualification",287,"人的狀態-靜立(止)","當事者行動狀態","transportation_action",2,"第2層"
6,"駕駛人-逆向行駛","肇事因素","factor",288,"人的狀態-奔跑","當事者行動狀態","transportation_action",1,"第1層"
6,"駕照被吊扣","駕駛資格情形","license_qualification",289,"人的狀態-上、下車","當事者行動狀態","transportation_action",1,"第2層"
6,"車的狀態-右轉彎","當事者行動狀態","transportation_action",290,"車的狀態-倒車","當事者行動狀態","transportation_action",17,"第1層"
6,"車的狀態-停車操作中","當事者行動狀態","transportation_action",293,"車的狀態-停車操作中","當事者行動狀態","transportation_action",4,"第1層"
6,"無(非車輛駕駛人因素)-尚未發現肇事因素","肇事因素","factor",294,"車的狀態-超車(含超越)","當事者行動狀態","transportation_action",9,"第1層"
6,"駕駛人-蛇行、方向不定","肇事因素","factor",295,"車的狀態-左轉彎","當事者行動狀態","transportation_action",229,"第1層"
6,"行人(或乘客)-穿越道路未注意左右來車","肇事因素","factor",296,"車的狀態-右轉彎","當事者行動狀態","transportation_action",107,"第1層"
6,"車的狀態-向左變換車道","當事者行動狀態","transportation_action",297,"車的狀態-向左變換車道","當事者行動狀態","transportation_action",13,"第1層"
6,"裝載-貨物超長、寬、高而肇事","肇事因素","factor",298,"車的狀態-向右變換車道","當事者行動狀態","transportation_action",21,"第1層"
6,"車的狀態-向前直行中","當事者行動狀態","transportation_action",299,"車的狀態-向前直行中","當事者行動狀態","transportation_action",628,"第1層"
6,"駕駛人-變換車道或方向不當","肇事因素","factor",300,"有適當之駕照","駕駛資格情形","license_qualification",1067,"第1層"
6,"其他-使用手持行動電話失控","肇事因素","factor",301,"無照(未達考照年齡)","駕駛資格情形","license_qualification",5,"第1層"
6,"無(車輛駕駛人因素)-尚未發現肇事因素","肇事因素","factor",302,"無照(已達考照年齡)","駕駛資格情形","license_qualification",40,"第1層"
6,"其他-違規停車或暫停不當而肇事","肇事因素","factor",303,"越級駕駛","駕駛資格情形","license_qualification",17,"第1層"
6,"經呼氣檢測0.26~0.40mg/L或血液檢測0.51~0.8%","飲酒情形","alcohol_breath_test",304,"駕照被吊扣","駕駛資格情形","license_qualification",1,"第1層"
6,"駕駛人-左轉彎未依規定","肇事因素","factor",305,"駕照被吊(註)銷","駕駛資格情形","license_qualification",18,"第1層"
6,"駕駛人-迴轉未依規定","肇事因素","factor",307,"非汽(機)車駕駛人","駕駛資格情形","license_qualification",23,"第1層"
6,"駕駛人-違反特定標誌(線)禁制","肇事因素","factor",308,"經觀察未飲酒","飲酒情形","alcohol_breath_test",38,"第1層"
6,"駕駛人-未保持行車安全距離","肇事因素","factor",309,"非駕駛人，未檢測","飲酒情形","alcohol_breath_test",12,"第1層"
6,"行人(或乘客)-未依標誌、標線、號誌或手勢指揮穿越道路","肇事因素","factor",311,"經檢測無酒精反應","飲酒情形","alcohol_breath_test",1073,"第1層"
6,"行人(或乘客)-未依規定行走行人穿越道、地下道、天橋而穿越道路","肇事因素","factor",312,"經呼氣檢測未超過0.15mg/L或血液檢測未超過0.3%","飲酒情形","alcohol_breath_test",7,"第1層"
6,"駕駛人-未保持行車安全間隔","肇事因素","factor",313,"經呼氣檢測0.16~0.25mg/L或血液檢測0.31~0.5%","飲酒情形","alcohol_breath_test",5,"第1層"
6,"駕駛人-違反號誌管制或指揮","肇事因素","factor",314,"經呼氣檢測0.26~0.40mg/L或血液檢測0.51~0.8%","飲酒情形","alcohol_breath_test",4,"第1層"
6,"其他-開啟車門不當而肇事","肇事因素","factor",315,"經呼氣檢測0.41~0.55mg/L或血液檢測0.81~0.11%","飲酒情形","alcohol_breath_test",4,"第1層"
9,"省道","道路類別","road_category",316,"經呼氣檢測0.56~0.80mg/L或血液檢測0.111~0.16%","飲酒情形","alcohol_breath_test",6,"第1層"
9,"國道","道路類別","road_category",317,"經呼氣檢測超過0.80mg/L或血液檢測超過0.16%","飲酒情形","alcohol_breath_test",10,"第1層"
9,"路段-迴轉道","事故位置","road_position",318,"無法檢測","飲酒情形","alcohol_breath_test",12,"第1層"
9,"交流道-環道匝道","事故位置","road_position",319,"駕駛人-違規超車","肇事因素","factor",6,"第1層"
9,"單路部分-地下道","道路型態","road_type",320,"駕駛人-迴轉未依規定","肇事因素","factor",27,"第1層"
9,"鄉道","道路類別","road_category",321,"駕駛人-橫越道路不慎","肇事因素","factor",3,"第1層"
9,"單路部分-涵洞","道路型態","road_type",322,"駕駛人-倒車未依規定","肇事因素","factor",12,"第1層"
10,"交岔路口-機車待轉區","事故位置","road_position",323,"駕駛人-超速失控","肇事因素","factor",8,"第1層"
11,"路段-公車專用道","事故位置","road_position",324,"駕駛人-未依規定減速","肇事因素","factor",14,"第1層"
17,"人與汽(機)車-從停車後(或中)穿出","事故類型及型態","accident_type",325,"駕駛人-搶越行人穿越道","肇事因素","factor",22,"第1層"
17,"交流道-減速車道","事故位置","road_position",326,"駕駛人-未保持行車安全距離","肇事因素","factor",46,"第1層"
17,"圓環廣場-廣場","道路型態","road_type",327,"駕駛人-未保持行車安全間隔","肇事因素","factor",9,"第1層"
17,"慢車-電動輔助自行車","當事者區分","transportation_type",328,"駕駛人-停車操作時，未注意其他車(人)安全","肇事因素","factor",1,"第1層"
17,"人與汽(機)車-在路上作業中","事故類型及型態","accident_type",329,"駕駛人-起步未注意其他車(人)安全","肇事因素","factor",47,"第1層"
17,"圓環廣場-圓環","道路型態","road_type",330,"駕駛人-爭(搶)道行駛","肇事因素","factor",1,"第1層"
17,"單路部分-隧道","道路型態","road_type",332,"駕駛人-酒醉(後)駕駛失控","肇事因素","factor",4,"第1層"
19,"交流道-直線匝道","事故位置","road_position",333,"駕駛人-疲勞(患病)駕駛失控","肇事因素","factor",1,"第2層"
85,"交通管制(設施)-路況危險無安全(警告)設施","肇事因素","factor",334,"駕駛人-未注意車前狀態","肇事因素","factor",322,"第1層"
87,"其他車-農耕用車(或機械)","當事者區分","transportation_type",336,"駕駛人-違反號誌管制或指揮","肇事因素","factor",73,"第1層"
93,"冰雪","路面狀態","road_condition",337,"駕駛人-違反特定標誌(線)禁制","肇事因素","factor",41,"第1層"
99,"人的狀態-靜立(止)","當事者行動狀態","transportation_action",338,"燈光-未依規定使用燈光","肇事因素","factor",1,"第1層"
115,"油滑","路面狀態","road_condition",341,"駕駛人-蛇行、方向不定","肇事因素","factor",1,"第1層"
119,"機件-車輛零件脫落","肇事因素","factor",342,"裝載-裝載貨物不穩妥","肇事因素","factor",6,"第2層"
126,"人與汽(機)車-在路上嬉戲","事故類型及型態","accident_type",343,"裝載-載貨超重而失控","肇事因素","factor",1,"第2層"
135,"裝載-未待乘客安全上下開車","肇事因素","factor",345,"裝載-貨物超長、寬、高而肇事","肇事因素","factor",1,"第1層"
135,"道路工事(程)中","障礙物","road_obstacle",346,"裝載-裝卸貨不當","肇事因素","factor",3,"第2層"
135,"特種車-消防車","當事者區分","transportation_type",348,"裝載-未待乘客安全上下開車","肇事因素","factor",2,"第2層"
139,"大客車-遊覽車","當事者區分","transportation_type",349,"裝載-其他裝載不當肇事","肇事因素","factor",2,"第2層"
149,"大客車-公營公車","當事者區分","transportation_type",350,"其他-違規停車或暫停不當而肇事","肇事因素","factor",1,"第1層"
149,"裝載-裝卸貨不當","肇事因素","factor",352,"駕駛人-逆向行駛","肇事因素","factor",7,"第1層"
156,"人與汽(機)車-衝進路中","事故類型及型態","accident_type",353,"其他-開啟車門不當而肇事","肇事因素","factor",13,"第1層"
161,"慢車-獸力車","當事者區分","transportation_type",354,"其他-使用手持行動電話失控","肇事因素","factor",181,"第1層"
161,"特種車-救護車","當事者區分","transportation_type",357,"無(車輛駕駛人因素)-尚未發現肇事因素","肇事因素","factor",27,"第1層"
161,"機件-煞車失靈","肇事因素","factor",358,"機件-煞車失靈","肇事因素","factor",4,"第2層"
164,"裝載-裝載貨物不穩妥","肇事因素","factor",361,"機件-車輪脫落或輪胎爆裂","肇事因素","factor",3,"第2層"
168,"行人(或乘客)-在道路上嬉戲或奔走不定","肇事因素","factor",362,"機件-車輛零件脫落","肇事因素","factor",1,"第2層"
170,"人的狀態-上、下車","當事者行動狀態","transportation_action",363,"駕駛人-未靠右行駛","肇事因素","factor",1,"第1層"
179,"特種車-警備車","當事者區分","transportation_type",365,"行人(或乘客)-未依規定行走行人穿越道、地下道、天橋而穿越道路","肇事因素","factor",4,"第1層"
179,"機件-車輪脫落或輪胎爆裂","肇事因素","factor",366,"行人(或乘客)-未依標誌、標線、號誌或手勢指揮穿越道路","肇事因素","factor",1,"第1層"
179,"慢車-人力車","當事者區分","transportation_type",367,"行人(或乘客)-穿越道路未注意左右來車","肇事因素","factor",1,"第1層"
179,"汽(機)車本身-撞非固定設施","事故類型及型態","accident_type",368,"行人(或乘客)-在道路上嬉戲或奔走不定","肇事因素","factor",1,"第2層"
183,"曳引車-自用","當事者區分","transportation_type",370,"行人(或乘客)-上下車輛未注意安全","肇事因素","factor",1,"第2層"
184,"特種車-工程車","當事者區分","transportation_type",373,"行人(或乘客)-在路上工作未設適當標識","肇事因素","factor",1,"第1層"
184,"交通管制(設施)-平交道看守疏失或未放柵欄","肇事因素","factor",374,"駕駛人-未依規定讓車","肇事因素","factor",252,"第1層"
223,"全聯結車-營業用","當事者區分","transportation_type",376,"交通管制(設施)-路況危險無安全(警告)設施","肇事因素","factor",1,"第2層"
223,"其他車-火車","當事者區分","transportation_type",379,"交通管制(設施)-平交道看守疏失或未放柵欄","肇事因素","factor",1,"第2層"
224,"裝載-其他裝載不當肇事","肇事因素","factor",382,"無(非車輛駕駛人因素)-尚未發現肇事因素","肇事因素","factor",2,"第1層"
226,"裝載-載貨超重而失控","肇事因素","factor",383,"駕駛人-變換車道或方向不當","肇事因素","factor",21,"第1層"
301,"駕駛人-疲勞(患病)駕駛失控","肇事因素","factor",384,"駕駛人-左轉彎未依規定","肇事因素","factor",30,"第1層"
309,"行人(或乘客)-上下車輛未注意安全","肇事因素","factor",385,"駕駛人-右轉彎未依規定","肇事因素","factor",24,"第1層"
