"rank","from_id","from_id_name","to_id","to_id_name","total"
1,60,"柏油",73,"駕駛人-蛇行、方向不定",42
2,17,"市區道路",60,"其他-不明原因肇事",41
2,17,"市區道路",73,"機件-煞車失靈",41
2,60,"柏油",78,"駕駛人-逆向行駛",41
2,73,"無缺陷",78,"汽(機)車本身-路上翻車、摔倒",41
6,17,"市區道路",78,"行人(或乘客)-未依標誌、標線、號誌或手勢指揮穿越道路",40
7,60,"柏油",69,"駕駛人-違規超車",39
7,60,"柏油",85,"駕駛人-未依規定讓車",39
7,69,"乾燥",73,"禁止變換車道線(附標記)",39
7,73,"無缺陷",85,"汽(機)車本身-撞路欄(樁)",39
11,8,"晴",60,"無障礙物",38
11,8,"晴",69,"無障礙物",38
11,8,"晴",73,"彎道",38
11,17,"市區道路",69,"無(車輛駕駛人因素)-尚未發現肇事因素",38
11,17,"市區道路",85,"無(非車輛駕駛人因素)-尚未發現肇事因素",38
11,69,"乾燥",78,"禁止變換車道線(無標記)",38
11,78,"無障礙物",85,"車的狀態-其他",38
18,8,"晴",17,"有坑洞",37
18,8,"晴",78,"坡道",37
20,69,"乾燥",85,"車道線(附標記)",36
21,8,"晴",85,"樹木、農作物",35
22,17,"市區道路",154,"柏油",31
22,60,"柏油",150,"駕駛人-酒醉(後)駕駛失控",31
22,60,"柏油",154,"駕駛人-未注意車前狀態",31
22,73,"無缺陷",150,"其他(行人、慢車駕駛人、汽車後座乘客)",31
22,73,"無缺陷",154,"未使用行動電話",31
27,17,"市區道路",150,"其他-人行道",30
