id,name,attribute
1,暴風,1
2,強風,1
3,風沙,1
4,霧或煙,1
5,雪,1
6,雨,1
7,陰,1
8,晴,1
1,日間自然光線,2
2,晨或暮光,2
3,夜間(或隧道、地下道、涵洞)有照明,2
4,夜間(或隧道、地下道、涵洞)無照明,2
1,國道,3
2,省道,3
3,縣道,3
4,鄉道,3
5,市區道路,3
6,村里道路,3
7,專用道路,3
8,其他,3
1,平交道-有遮斷器,4
2,平交道-無遮斷器,4
3,交岔路-三岔路,4
4,交岔路-四岔路,4
5,交岔路-多岔路,4
6,單路部分-隧道,4
7,單路部分-地下道,4
8,單路部分-橋樑,4
9,單路部分-涵洞,4
10,單路部分-高架道路,4
11,單路部分-彎曲路及附近,4
12,單路部分-坡路,4
13,單路部分-巷弄,4
14,單路部分-直路,4
15,單路部分-其他,4
16,圓環廣場-圓環,4
17,圓環廣場-廣場,4
1,交岔路口-交岔路口內,5
2,交岔路口-交岔路口附近,5
3,交岔路口-機車待轉區,5
4,交岔路口-機車停等區,5
5,路段-交通島(含槽化線),5
6,路段-迴轉道,5
7,路段-快車道,5
8,路段-慢車道,5
9,路段-一般車道(未劃分快慢車道),5
10,路段-公車專用道,5
11,路段-機車專用道,5
12,路段-機車優先道,5
13,路段-路肩、路緣,5
14,交流道-加速車道,5
15,交流道-減速車道,5
16,交流道-直線匝道,5
17,交流道-環道匝道,5
18,其他-行人穿越道,5
19,其他-穿越道附近,5
20,其他-人行道,5
21,其他-收費站附近,5
22,其他,5
1,柏油,6
2,水泥,6
3,碎石,6
4,其他鋪裝,6
5,無鋪裝,6
1,冰雪,7
2,油滑,7
3,泥濘,7
4,濕潤,7
5,乾燥,7
1,路面鬆軟,8
2,突出(高低)不平,8
3,有坑洞,8
4,無缺陷,8
1,道路工事(程)中,9
2,有堆積物,9
3,路上有停車,9
4,其他障礙物,9
5,無障礙物,9
1,彎道,10
2,坡道,10
3,建築物,10
4,樹木、農作物,10
5,路上停放車輛,10
6,其他,10
7,視距良好,10
1,行車管制號誌,11
2,行車管制號誌(含行人專用號誌),11
3,閃光號誌,11
4,無號誌,11
1,號誌動作正常,12
2,號誌動作不正常,12
3,無動作,12
4,無號誌,12
1,中央分向島-寬式(50公分以上),13
2,無分向設施,13
3,中央分向島-窄式附柵欄,13
4,中央分向島-窄式無柵欄,13
5,雙向禁止超車線-附標記,13
6,雙向禁止超車線-無標記,13
7,單向禁止超車線-附標記,13
8,單向禁止超車線-無標記,13
9,行車分向線-附標記,13
10,行車分向線-無標記,13
1,禁止變換車道線(附標記),14
2,禁止變換車道線(無標記),14
3,車道線(附標記),14
4,車道線(無標記),14
5,無繪設車道線,14
1,寬式快慢車道分隔島(50公分以上),15
2,窄式快慢車道分隔島(附柵欄),15
3,窄式快慢車道分隔島(無柵欄),15
4,快慢車道分隔線,15
5,無繪設快慢車道分隔線,15
1,有路面邊線,16
2,無路面邊線,16
1,人與汽(機)車-對向通行中,17
2,人與汽(機)車-同向通行中,17
3,人與汽(機)車-穿越道路中,17
4,人與汽(機)車-在路上嬉戲,17
5,人與汽(機)車-在路上作業中,17
6,人與汽(機)車-衝進路中,17
7,人與汽(機)車-從停車後(或中)穿出,17
8,人與汽(機)車-佇立路邊(外),17
9,人與汽(機)車-其他,17
10,車與車-對撞,17
11,車與車-對向擦撞,17
12,車與車-同向擦撞,17
13,車與車-追撞,17
14,車與車-倒車撞,17
15,車與車-路口交岔撞,17
16,車與車-側撞,17
17,車與車-其他,17
18,汽(機)車本身-路上翻車、摔倒,17
19,汽(機)車本身-衝出路外,17
20,汽(機)車本身-撞路欄(樁),17
21,汽(機)車本身-撞號誌、標誌桿,17
22,汽(機)車本身-撞收費亭,17
23,汽(機)車本身-撞交通島,17
24,汽(機)車本身-撞非固定設施,17
25,汽(機)車本身-撞橋樑、建築物,17
26,汽(機)車本身-撞路樹、電桿,17
27,汽(機)車本身-撞動物,17
28,汽(機)車本身-撞工程施工,17
29,汽(機)車本身-其他,17
30,平交道事故-衝過(或撞壞)遮斷器,17
31,平交道事故-正越過平交道中,17
32,平交道事故-暫停位置不當,17
33,平交道事故-在平交道內無法行動,17
34,平交道事故-其他,17
1,戴安全帽或繫安全帶(使用幼童安全椅),18
2,未戴安全帽或未繫安全帶(未使用幼童安全椅),18
3,不明,18
4,其他(行人、慢車駕駛人、汽車後座乘客),18
1,未使用行動電話,19
2,使用手持行動電話,19
3,使用免持行動電話,19
4,不明,19
5,非汽(機)車駕駛人,19
1,大客車-公營公車,20
2,大客車-民營公車,20
3,大客車-公營客運,20
4,大客車-民營客運,20
5,大客車-遊覽車,20
6,大客車-自用大客車,20
7,大貨車-營業用,20
8,大貨車-自用,20
9,全聯結車-營業用,20
10,全聯結車-自用,20
11,半聯結車-營業用,20
12,半聯結車-自用,20
13,曳引車-營業用,20
14,曳引車-自用,20
15,小客車-計程車,20
16,小客車-租賃車,20
17,小客車-自用,20
18,小貨車(含客、貨兩用)-營業用,20
19,小貨車(含客、貨兩用)-自用,20
20,機車-大型重型1(550C.C.以上),20
21,機車-大型重型2(250-550C.C.),20
22,機車-普通重型,20
23,機車-普通輕型,20
24,機車-小型輕型,20
25,軍車-大客車,20
26,軍車-載重車,20
27,軍車-小型車,20
28,特種車-救護車,20
29,特種車-消防車,20
30,特種車-警備車,20
31,特種車-工程車,20
32,特種車-其他特種車,20
33,慢車-腳踏自行車,20
34,慢車-電動輔助自行車,20
35,慢車-電動自行車,20
36,慢車-人力車,20
37,慢車-獸力車,20
38,慢車-其他慢車,20
39,其他車-拼裝車,20
40,其他車-農耕用車(或機械),20
41,其他車-動力機械,20
42,其他車-拖車(架),20
43,其他車-火車,20
44,其他車-其他車,20
45,人-行人,20
46,人-乘客,20
47,人-其他人,20
1,車的狀態-起步,21
2,車的狀態-倒車,21
3,車的狀態-停車操作中,21
4,車的狀態-超車(含超越),21
5,車的狀態-左轉彎,21
6,車的狀態-右轉彎,21
7,車的狀態-向左變換車道,21
8,車的狀態-向右變換車道,21
9,車的狀態-向前直行中,21
10,車的狀態-插入行列,21
11,車的狀態-迴轉或橫越道路中,21
12,車的狀態-急減速或急停止,21
13,車的狀態-靜止(引擎熄火),21
14,車的狀態-停等(引擎未熄火),21
15,車的狀態-其他,21
16,人的狀態-步行,21
17,人的狀態-靜立(止),21
18,人的狀態-奔跑,21
19,人的狀態-上、下車,21
20,人的狀態-其他,21
21,不明,21
1,有適當之駕照,22
2,無照(未達考照年齡),22
3,無照(已達考照年齡),22
4,越級駕駛,22
5,駕照被吊扣,22
6,駕照被吊(註)銷,22
7,不明,22
8,非汽(機)車駕駛人,22
1,經觀察未飲酒,23
2,非駕駛人，未檢測,23
3,經檢測無酒精反應,23
4,經呼氣檢測未超過0.15mg/L或血液檢測未超過0.3%,23
5,經呼氣檢測0.16~0.25mg/L或血液檢測0.31~0.5%,23
6,經呼氣檢測0.26~0.40mg/L或血液檢測0.51~0.8%,23
7,經呼氣檢測0.41~0.55mg/L或血液檢測0.81~0.11%,23
8,經呼氣檢測0.56~0.80mg/L或血液檢測0.111~0.16%,23
9,經呼氣檢測超過0.80mg/L或血液檢測超過0.16%,23
10,無法檢測,23
11,不明,23
1,駕駛人-違規超車,24
2,駕駛人-爭(搶)道行駛,24
3,駕駛人-蛇行、方向不定,24
4,駕駛人-逆向行駛,24
5,駕駛人-未靠右行駛,24
6,駕駛人-未依規定讓車,24
7,駕駛人-變換車道或方向不當,24
8,駕駛人-左轉彎未依規定,24
9,駕駛人-右轉彎未依規定,24
10,駕駛人-迴轉未依規定,24
11,駕駛人-橫越道路不慎,24
12,駕駛人-倒車未依規定,24
13,駕駛人-超速失控,24
14,駕駛人-未依規定減速,24
15,駕駛人-搶越行人穿越道,24
16,駕駛人-未保持行車安全距離,24
17,駕駛人-未保持行車安全間隔,24
18,駕駛人-停車操作時，未注意其他車(人)安全,24
19,駕駛人-起步未注意其他車(人)安全,24
20,駕駛人-吸食違禁物後駕駛失控,24
21,駕駛人-酒醉(後)駕駛失控,24
22,駕駛人-疲勞(患病)駕駛失控,24
23,駕駛人-未注意車前狀態,24
24,駕駛人-搶(闖)越平交道,24
25,駕駛人-違反號誌管制或指揮,24
26,駕駛人-違反特定標誌(線)禁制,24
27,燈光-未依規定使用燈光,24
28,燈光-暗處停車無燈光、標識,24
29,燈光-夜間行駛無燈光設備,24
30,裝載-裝載貨物不穩妥,24
31,裝載-載貨超重而失控,24
32,裝載-超載人員而失控,24
33,裝載-貨物超長、寬、高而肇事,24
34,裝載-裝卸貨不當,24
35,裝載-裝載未盡安全措施,24
36,裝載-未待乘客安全上下開車,24
37,裝載-其他裝載不當肇事,24
38,其他-違規停車或暫停不當而肇事,24
39,其他-拋錨未採安全措施,24
40,其他-開啟車門不當而肇事,24
41,其他-使用手持行動電話失控,24
42,其他-其他引起事故之違規或不當行為,24
43,其他-不明原因肇事,24
44,無(車輛駕駛人因素)-尚未發現肇事因素,24
45,機件-煞車失靈,24
46,機件-方向操縱系統故障,24
47,機件-燈光系統故障,24
48,機件-車輪脫落或輪胎爆裂,24
49,機件-車輛零件脫落,24
50,機件-其他引起事故之故障,24
51,行人(或乘客)-未依規定行走行人穿越道、地下道、天橋而穿越道路,24
52,行人(或乘客)-未依標誌、標線、號誌或手勢指揮穿越道路,24
53,行人(或乘客)-穿越道路未注意左右來車,24
54,行人(或乘客)-在道路上嬉戲或奔走不定,24
55,行人(或乘客)-未待車輛停妥而上下車,24
56,行人(或乘客)-上下車輛未注意安全,24
57,行人(或乘客)-頭手伸出車外而肇事,24
58,行人(或乘客)-乘坐不當而跌落,24
59,行人(或乘客)-在路上工作未設適當標識,24
60,行人(或乘客)-其他引起事故之疏失或行為,24
61,交通管制(設施)-路況危險無安全(警告)設施,24
62,交通管制(設施)-交通管制設施失靈或損毀,24
63,交通管制(設施)-交通指揮不當,24
64,交通管制(設施)-平交道看守疏失或未放柵欄,24
65,交通管制(設施)-其他交通管制不當,24
66,無(非車輛駕駛人因素)-動物竄出,24
67,無(非車輛駕駛人因素)-尚未發現肇事因素,24
